<?xml version="1.0" encoding="UTF-8"?>
<project-private xmlns="http://www.netbeans.org/ns/project-private/1">
    <editor-bookmarks xmlns="http://www.netbeans.org/ns/editor-bookmarks/2" lastBookmarkId="0"/>
    <open-files xmlns="http://www.netbeans.org/ns/projectui-open-files/2">
        <group>
            <file>file:/D:/3º%20SEMESTRE/Estrutura%20de%20Dados/Trabalho%20de%20Estrutura%20de%20Dados/Exercicio1/src/exercicio1/Main.java</file>
            <file>file:/D:/3º%20SEMESTRE/Estrutura%20de%20Dados/Trabalho%20de%20Estrutura%20de%20Dados/Exercicio1/src/exercicio1/Pilha.java</file>
            <file>file:/D:/3º%20SEMESTRE/Estrutura%20de%20Dados/Trabalho%20de%20Estrutura%20de%20Dados/Exercicio1/src/exercicio1/Node.java</file>
        </group>
    </open-files>
</project-private>
